name,bus,p_mw,q_mvar,sn_mva,soc_percent,min_e_mwh,max_e_mwh,scaling,in_service,type,evid,n_car
,4,-0.012556860543787463,0.0,,0.8194046919741561,0.0,4.05,1.0,True,,0.0,90.0
,6,-0.0017342077816856483,0.0,,0.9867629964976969,0.0,4.5,1.0,True,,1.0,100.0
,8,-0.0022976975325411653,0.0,,0.9535293293598986,0.0,5.70125,1.0,True,,2.0,125.0
