name,bus,p_mw,q_mvar,sn_mva,soc_percent,min_e_mwh,max_e_mwh,scaling,in_service,type,evid,n_car
,4,0.017307861294597382,0.0,,0.8804066312764545,0.0,4.05,1.0,True,,0.0,90.0
,6,0.010029576961210429,0.0,,0.9815995071276754,0.0,4.5,1.0,True,,1.0,100.0
,8,0.051415896890537494,0.0,,0.9442003381902204,0.0,5.70125,1.0,True,,2.0,125.0
