name,bus,p_mw,q_mvar,sn_mva,soc_percent,min_e_mwh,max_e_mwh,scaling,in_service,type,evid,n_car
,4,0.01667653748765585,0.0,,0.8582554639899489,0.0,4.05,1.0,True,,0.0,90.0
,6,-0.016136479649572988,0.0,,0.9877701684303068,0.0,4.5,1.0,True,,1.0,100.0
,8,-0.021194104728780805,0.0,,0.9616242162491884,0.0,5.70125,1.0,True,,2.0,125.0
