name,bus,p_mw,q_mvar,sn_mva,soc_percent,min_e_mwh,max_e_mwh,scaling,in_service,type,evid,n_car
,4,0.0016313058435916683,0.0,,0.6504422320886571,0.0,4.05,1.0,True,,0.0,90.0
,6,0.1629505714967059,0.0,,0.9342746893268963,0.0,4.5,1.0,True,,1.0,100.0
,8,0.0004390989386848787,0.0,,0.9497110339772878,0.0,5.70125,1.0,True,,2.0,125.0
