name,bus,p_mw,q_mvar,sn_mva,soc_percent,min_e_mwh,max_e_mwh,scaling,in_service,type,evid,n_car
,4,-0.024581713445484654,0.0,,0.8713634427661157,0.0,4.05,1.0,True,,0.0,90.0
,6,0.03226756906141959,0.0,,0.9806287090687102,0.0,4.5,1.0,True,,1.0,100.0
,8,0.023280497162604885,0.0,,0.9487488327838198,0.0,5.70125,1.0,True,,2.0,125.0
