name,bus,p_mw,q_mvar,sn_mva,soc_percent,min_e_mwh,max_e_mwh,scaling,in_service,type,evid,n_car
,4,0.006364725921303049,0.0,,0.8950731255783463,0.0,4.05,1.0,True,,0.0,90.0
,6,-0.006425848907253395,0.0,,0.9880180090130517,0.0,4.5,1.0,True,,1.0,100.0
,8,-0.021904195349851663,0.0,,0.9556305997369949,0.0,5.70125,1.0,True,,2.0,125.0
