name,bus,p_mw,q_mvar,sn_mva,soc_percent,min_e_mwh,max_e_mwh,scaling,in_service,type,evid,n_car
,4,0.035493093945085985,0.0,,0.8533894202377859,0.0,4.05,1.0,True,,0.0,90.0
,6,0.24782888293266292,0.0,,0.8831208157459405,0.0,4.5,1.0,True,,1.0,100.0
,8,0.008844220468659236,0.0,,0.9504512917892463,0.0,5.70125,1.0,True,,2.0,125.0
