name,bus,p_mw,q_mvar,sn_mva,soc_percent,min_e_mwh,max_e_mwh,scaling,in_service,type,evid,n_car
,4,-0.03552340733259918,0.0,,0.8636829073890583,0.0,4.05,1.0,True,,0.0,90.0
,6,-0.0034225275480443407,0.0,,0.9869409680539205,0.0,4.5,1.0,True,,1.0,100.0
,8,-0.012805213393561499,0.0,,0.9575734250283032,0.0,5.70125,1.0,True,,2.0,125.0
