name,bus,p_mw,q_mvar,sn_mva,soc_percent,min_e_mwh,max_e_mwh,scaling,in_service,type,evid,n_car
,4,-0.028442286349833035,0.0,,0.5686415035485168,0.0,4.05,1.0,True,,0.0,90.0
,6,0.010515919021491571,0.0,,0.9823487956449966,0.0,4.5,1.0,True,,1.0,100.0
,8,0.12259946092963214,0.0,,0.8040325546301179,0.0,5.70125,1.0,True,,2.0,125.0
