name,bus,p_mw,q_mvar,sn_mva,soc_percent,min_e_mwh,max_e_mwh,scaling,in_service,type,evid,n_car
,4,0.01163014743849633,0.0,,0.8404999835699904,0.0,4.05,1.0,True,,0.0,90.0
,6,-0.03406523599516326,0.0,,0.9879060107877865,0.0,4.5,1.0,True,,1.0,100.0
,8,-0.044039298847635966,0.0,,0.9554440965824395,0.0,5.70125,1.0,True,,2.0,125.0
