name,bus,p_mw,q_mvar,sn_mva,soc_percent,min_e_mwh,max_e_mwh,scaling,in_service,type,evid,n_car
,4,0.01330172805860641,0.0,,0.8143227176644793,0.0,4.05,1.0,True,,0.0,90.0
,6,0.009419957068173002,0.0,,0.9806525970895472,0.0,4.5,1.0,True,,1.0,100.0
,8,-0.007947968611398626,0.0,,0.9527628893896705,0.0,5.70125,1.0,True,,2.0,125.0
