name,bus,p_mw,q_mvar,sn_mva,soc_percent,min_e_mwh,max_e_mwh,scaling,in_service,type,evid,n_car
,4,0.02350396806746724,0.0,,0.8707420210664515,0.0,4.05,1.0,True,,0.0,90.0
,6,-0.002167077182360866,0.0,,0.9819768036491543,0.0,4.5,1.0,True,,1.0,100.0
,8,0.017656226384819285,0.0,,0.9507987310832499,0.0,5.70125,1.0,True,,2.0,125.0
