name,bus,p_mw,q_mvar,sn_mva,soc_percent,min_e_mwh,max_e_mwh,scaling,in_service,type,evid,n_car
,4,-0.005792104840278645,0.0,,0.8804365803018989,0.0,4.05,1.0,True,,0.0,90.0
,6,0.007939150944235973,0.0,,0.9858029504097787,0.0,4.5,1.0,True,,1.0,100.0
,8,-0.01052505015781996,0.0,,0.9594597463610767,0.0,5.70125,1.0,True,,2.0,125.0
