name,bus,p_mw,q_mvar,sn_mva,soc_percent,min_e_mwh,max_e_mwh,scaling,in_service,type,evid,n_car
,4,-0.030559906460344788,0.0,,0.544591296707941,0.0,4.05,1.0,True,,0.0,90.0
,6,0.18367138475179667,0.0,,0.88243185463336,0.0,4.5,1.0,False,,1.0,100.0
,8,-0.044734627701499496,0.0,,0.9557241501929211,0.0,5.70125,1.0,True,,2.0,125.0
