name,bus,p_mw,q_mvar,sn_mva,soc_percent,min_e_mwh,max_e_mwh,scaling,in_service,type,evid,n_car
,4,0.0011628339223098139,0.0,,0.8412457605401349,0.0,4.05,1.0,True,,0.0,90.0
,6,0.0083313526670587,0.0,,0.9809298455524882,0.0,4.5,1.0,True,,1.0,100.0
,8,0.010563708715722542,0.0,,0.9520671096655832,0.0,5.70125,1.0,True,,2.0,125.0
