name,bus,p_mw,q_mvar,sn_mva,soc_percent,min_e_mwh,max_e_mwh,scaling,in_service,type,evid,n_car
,4,-0.0020765836536884574,0.0,,0.7813921601988623,0.0,4.05,1.0,False,,0.0,90.0
,6,-0.0034483447145640667,0.0,,0.9822025329523351,0.0,4.5,1.0,True,,1.0,100.0
,8,0.006410294788582349,0.0,,0.952470428168712,0.0,5.70125,1.0,True,,2.0,125.0
