name,bus,p_mw,q_mvar,sn_mva,soc_percent,min_e_mwh,max_e_mwh,scaling,in_service,type,evid,n_car
,4,-0.0227755858451128,0.0,,0.8558238892768403,0.0,4.05,1.0,True,,0.0,90.0
,6,0.00635347408713921,0.0,,0.9813779685031123,0.0,4.5,1.0,True,,1.0,100.0
,8,0.024718079938845894,0.0,,0.9461703784519574,0.0,5.70125,1.0,True,,2.0,125.0
