name,bus,p_mw,q_mvar,sn_mva,soc_percent,min_e_mwh,max_e_mwh,scaling,in_service,type,evid,n_car
,4,-0.029351792179048042,0.0,,0.5615212400224473,0.0,4.05,1.0,True,,0.0,90.0
,6,-0.026527396483458532,0.0,,0.988859451143855,0.0,4.5,1.0,True,,1.0,100.0
,8,0.12331325709819796,0.0,,0.8457579695454082,0.0,5.70125,1.0,True,,2.0,125.0
