name,bus,p_mw,q_mvar,sn_mva,soc_percent,min_e_mwh,max_e_mwh,scaling,in_service,type,evid,n_car
,4,0.018552128098905107,0.0,,0.6185990957731823,0.0,4.05,1.0,True,,0.0,90.0
,6,0.24647579908370976,0.0,,0.7626789214886064,0.0,4.5,1.0,True,,1.0,100.0
,8,0.011731130051290395,0.0,,0.9506109783930888,0.0,5.70125,1.0,True,,2.0,125.0
