name,bus,p_mw,q_mvar,sn_mva,soc_percent,min_e_mwh,max_e_mwh,scaling,in_service,type,evid,n_car
,4,0.012827985238283879,0.0,,0.879745585788321,0.0,4.05,1.0,True,,0.0,90.0
,6,0.005614770844002248,0.0,,0.9774410250768187,0.0,4.5,1.0,True,,1.0,100.0
,8,-0.024709473126627857,0.0,,0.9535286310796076,0.0,5.70125,1.0,True,,2.0,125.0
