name,bus,p_mw,q_mvar,sn_mva,soc_percent,min_e_mwh,max_e_mwh,scaling,in_service,type,evid,n_car
,4,0.018927858542650944,0.0,,0.7778535719330941,0.0,4.05,1.0,True,,0.0,90.0
,6,-0.013945181528549233,0.0,,0.9877896283140157,0.0,4.5,1.0,True,,1.0,100.0
,8,0.004287047540951439,0.0,,0.9565938560096151,0.0,5.70125,1.0,True,,2.0,125.0
