name,bus,p_mw,q_mvar,sn_mva,soc_percent,min_e_mwh,max_e_mwh,scaling,in_service,type,evid,n_car
,4,0.004424511574208756,0.0,,0.8999038231833948,0.0,4.05,1.0,True,,0.0,90.0
,6,-0.010508852518931466,0.0,,0.9854798397650986,0.0,4.5,1.0,True,,1.0,100.0
,8,0.005497652379401918,0.0,,0.9542390612641105,0.0,5.70125,1.0,True,,2.0,125.0
