name,bus,p_mw,q_mvar,sn_mva,soc_percent,min_e_mwh,max_e_mwh,scaling,in_service,type,evid,n_car
,4,0.031410378344357004,0.0,,0.8354155676863647,0.0,4.05,1.0,True,,0.0,90.0
,6,0.0011336972709928284,0.0,,0.9816000991194911,0.0,4.5,1.0,True,,1.0,100.0
,8,0.1142170699313283,0.0,,0.7432657015994087,0.0,5.70125,1.0,True,,2.0,125.0
