name,bus,p_mw,q_mvar,sn_mva,soc_percent,min_e_mwh,max_e_mwh,scaling,in_service,type,evid,n_car
,4,0.004318507757037904,0.0,,0.8347918410990685,0.0,4.05,1.0,False,,0.0,90.0
,6,-0.016696205987034696,0.0,,0.9855563381308641,0.0,4.5,1.0,True,,1.0,100.0
,8,0.02168528235594902,0.0,,0.9535574701162121,0.0,5.70125,1.0,True,,2.0,125.0
