name,bus,p_mw,q_mvar,sn_mva,soc_percent,min_e_mwh,max_e_mwh,scaling,in_service,type,evid,n_car
,4,-0.02713095570355656,0.0,,0.7956815670662931,0.0,4.05,1.0,True,,0.0,90.0
,6,-5.4341697770521336e-05,0.0,,0.9864294833536297,0.0,4.5,1.0,True,,1.0,100.0
,8,-9.922023283615022e-05,0.0,,0.9596948877280194,0.0,5.70125,1.0,True,,2.0,125.0
