name,bus,p_mw,q_mvar,sn_mva,soc_percent,min_e_mwh,max_e_mwh,scaling,in_service,type,evid,n_car
,4,0.0019145696628838915,0.0,,0.8622958176551199,0.0,4.05,1.0,True,,0.0,90.0
,6,0.01384226133189942,0.0,,0.9828531703814465,0.0,4.5,1.0,True,,1.0,100.0
,8,0.012170973727372358,0.0,,0.9512879564366149,0.0,5.70125,1.0,True,,2.0,125.0
