name,bus,p_mw,q_mvar,sn_mva,soc_percent,min_e_mwh,max_e_mwh,scaling,in_service,type,evid,n_car
,4,-0.024791257403790956,0.0,,0.8328710009636774,0.0,4.05,1.0,True,,0.0,90.0
,6,0.0324715517528974,0.0,,0.9812573306127086,0.0,4.5,1.0,True,,1.0,100.0
,8,0.06282374698881243,0.0,,0.9401754515548207,0.0,5.70125,1.0,True,,2.0,125.0
