name,bus,p_mw,q_mvar,sn_mva,soc_percent,min_e_mwh,max_e_mwh,scaling,in_service,type,evid,n_car
,4,0.006205066440626961,0.0,,0.7860013805246031,0.0,4.05,1.0,True,,0.0,90.0
,6,-0.029954022057617657,0.0,,0.9844939870160582,0.0,4.5,1.0,True,,1.0,100.0
,8,-0.028253627610144272,0.0,,0.9526198372327032,0.0,5.70125,1.0,True,,2.0,125.0
